{
  "lstm": 0.12437483891844749,
  "gru": 0.013098127306438978,
  "cnn": 0.03437947739847004,
  "vae": 0.023800118081271648,
  "transformer": 0.004595220282208174,
  "tcn": 0.02754312233999371,
  "iforest": 0.5317669002811178,
  "ocsvm": -1.2612372648621915,
  "lof": 2.442923069000244,
  "elliptic": 208.45268652914982,
  "pca": 0.010851574130356312
}